{
	"id": "0e54f6c9-f357-91dd-4cff-b4fe27b89f60",
	"name": "Cart",
	"description": "",
	"order": [
		"bcee15db-b4bf-d936-c840-334363ea4a44",
		"c50c5e4d-3094-c7ba-8e4f-c6418021e3c9",
		"75676f53-2d16-a5c4-a1f1-f275bac07cba",
		"cd7aa26f-0b8a-4878-4e80-d475c7a95f4e",
		"eacfb587-9624-c00f-2220-9f114c45ad1a",
		"90ea3fda-482d-d3eb-a04b-274858373c56",
		"0b76cfb5-7a1b-c48b-c3bf-a6548264023a"
	],
	"folders": [],
	"folders_order": [],
	"timestamp": 1683196544246,
	"owner": 0,
	"public": false,
	"requests": [
		{
			"id": "0b76cfb5-7a1b-c48b-c3bf-a6548264023a",
			"headers": "Authorization: eyJhbGciOiJIUzUxMiJ9.eyJzdWIiOiJhYmNAYWJjLmNvbSIsImlhdCI6MTY4NDIyMzk0NiwiZXhwIjoxNjg0MjI1NzQ2fQ._b4u57hfO3VWKSAScsXDqygX3w6l4ZpTHploZV0Ao88qOawpjYiQBr_xnk-rLcFDOwKj87SF6UjodR2hxapLSQ\n",
			"headerData": [
				{
					"key": "Authorization",
					"value": "eyJhbGciOiJIUzUxMiJ9.eyJzdWIiOiJhYmNAYWJjLmNvbSIsImlhdCI6MTY4NDIyMzk0NiwiZXhwIjoxNjg0MjI1NzQ2fQ._b4u57hfO3VWKSAScsXDqygX3w6l4ZpTHploZV0Ao88qOawpjYiQBr_xnk-rLcFDOwKj87SF6UjodR2hxapLSQ",
					"description": "",
					"enabled": true
				}
			],
			"url": "http://localhost:8080/cart/addItem",
			"queryParams": [],
			"preRequestScript": null,
			"pathVariables": {},
			"pathVariableData": [],
			"method": "POST",
			"data": [],
			"dataMode": "raw",
			"version": 2,
			"tests": null,
			"currentHelper": "normal",
			"helperAttributes": {},
			"time": 1684305065744,
			"name": "Cart POST AddItem",
			"description": "",
			"collectionId": "0e54f6c9-f357-91dd-4cff-b4fe27b89f60",
			"responses": [],
			"rawModeData": "{\r\n\t\"userId\": 3,\r\n\t\"productId\": 8,\r\n\t\"productName\": \"scissor\",\r\n\t\"productQuantity\": 2,\r\n\t\"productPrice\": 400\r\n}"
		},
		{
			"id": "75676f53-2d16-a5c4-a1f1-f275bac07cba",
			"headers": "Authorization: \n",
			"headerData": [
				{
					"key": "Authorization",
					"value": "",
					"description": "",
					"enabled": true
				}
			],
			"url": "http://localhost:8080/cart/deleteItem/78",
			"queryParams": [],
			"preRequestScript": null,
			"pathVariables": {},
			"pathVariableData": [],
			"method": "DELETE",
			"data": [],
			"dataMode": "params",
			"version": 2,
			"tests": null,
			"currentHelper": "normal",
			"helperAttributes": {},
			"time": 1684305014234,
			"name": "Cart DELETE by CartID",
			"description": "",
			"collectionId": "0e54f6c9-f357-91dd-4cff-b4fe27b89f60",
			"responses": []
		},
		{
			"id": "90ea3fda-482d-d3eb-a04b-274858373c56",
			"headers": "Authorization: \n",
			"headerData": [
				{
					"key": "Authorization",
					"value": "",
					"description": "",
					"enabled": true
				}
			],
			"url": "http://localhost:8080/cart/decreaseItem/78",
			"queryParams": [],
			"preRequestScript": null,
			"pathVariables": {},
			"pathVariableData": [],
			"method": "PUT",
			"data": [],
			"dataMode": "params",
			"version": 2,
			"tests": null,
			"currentHelper": "normal",
			"helperAttributes": {},
			"time": 1684305038979,
			"name": "Cart PUT by CartID",
			"description": "",
			"collectionId": "0e54f6c9-f357-91dd-4cff-b4fe27b89f60",
			"responses": []
		},
		{
			"id": "bcee15db-b4bf-d936-c840-334363ea4a44",
			"headers": "",
			"headerData": [],
			"url": "http://localhost:8082/cart/getCart/8",
			"queryParams": [],
			"preRequestScript": null,
			"pathVariables": {},
			"pathVariableData": [],
			"method": "GET",
			"data": null,
			"dataMode": "params",
			"version": 2,
			"tests": null,
			"currentHelper": "normal",
			"helperAttributes": {},
			"time": 1683530108597,
			"name": "Cart GET by UserID",
			"description": "",
			"collectionId": "0e54f6c9-f357-91dd-4cff-b4fe27b89f60",
			"responses": []
		},
		{
			"id": "c50c5e4d-3094-c7ba-8e4f-c6418021e3c9",
			"headers": "Authorization: \n",
			"headerData": [
				{
					"key": "Authorization",
					"value": "",
					"description": "",
					"enabled": true
				}
			],
			"url": "http://localhost:8080/cart/getCartPrice/2",
			"queryParams": [],
			"preRequestScript": null,
			"pathVariables": {},
			"pathVariableData": [],
			"method": "GET",
			"data": null,
			"dataMode": "params",
			"version": 2,
			"tests": null,
			"currentHelper": "normal",
			"helperAttributes": {},
			"time": 1684305007657,
			"name": "Cart GET CartPrice by UserID",
			"description": "",
			"collectionId": "0e54f6c9-f357-91dd-4cff-b4fe27b89f60",
			"responses": []
		},
		{
			"id": "cd7aa26f-0b8a-4878-4e80-d475c7a95f4e",
			"headers": "Authorization: \n",
			"headerData": [
				{
					"key": "Authorization",
					"value": "",
					"description": "",
					"enabled": true
				}
			],
			"url": "http://localhost:8080/cart/deleteCart/78",
			"queryParams": [],
			"preRequestScript": null,
			"pathVariables": {},
			"pathVariableData": [],
			"method": "DELETE",
			"data": [],
			"dataMode": "params",
			"version": 2,
			"tests": null,
			"currentHelper": "normal",
			"helperAttributes": {},
			"time": 1684305020746,
			"name": "Cart DELETE by UserID",
			"description": "",
			"collectionId": "0e54f6c9-f357-91dd-4cff-b4fe27b89f60",
			"responses": []
		},
		{
			"id": "eacfb587-9624-c00f-2220-9f114c45ad1a",
			"headers": "Authorization: \n",
			"headerData": [
				{
					"key": "Authorization",
					"value": "",
					"description": "",
					"enabled": true
				}
			],
			"url": "http://localhost:8080/cart/checkout/78",
			"queryParams": [],
			"preRequestScript": null,
			"pathVariables": {},
			"pathVariableData": [],
			"method": "DELETE",
			"data": [],
			"dataMode": "params",
			"version": 2,
			"tests": null,
			"currentHelper": "normal",
			"helperAttributes": {},
			"time": 1684305032396,
			"name": "Cart DELETE (Checkout) by UserID",
			"description": "",
			"collectionId": "0e54f6c9-f357-91dd-4cff-b4fe27b89f60",
			"responses": []
		}
	]
}