{
	"id": "1f0c9b74-e524-6a20-26ba-6fa0d14f8817",
	"name": "Product",
	"description": "",
	"order": [
		"2532c74c-0b30-832d-9de2-af7c940ccd4d",
		"fff5bd08-3743-8d8a-25a4-628520a5462c",
		"a061039e-59d6-e1b7-249a-f48c1cca018b",
		"7780b3b0-f6ea-0856-06e9-b9b8acbd5fdd",
		"6114944e-8393-f7c9-e84a-2a8a9e57c6a2",
		"0f1c720c-bcab-0d9f-4b18-617f05270dcf",
		"0ab2f703-4f60-0d6a-6add-0cba6327b99c",
		"42c6f0c7-7f66-4134-f10e-cb673ac93d34"
	],
	"folders": [],
	"folders_order": [],
	"timestamp": 1683184597892,
	"owner": 0,
	"public": false,
	"requests": [
		{
			"id": "0ab2f703-4f60-0d6a-6add-0cba6327b99c",
			"headers": "Authorization: \n",
			"headerData": [
				{
					"key": "Authorization",
					"value": "",
					"description": "",
					"enabled": true
				}
			],
			"url": "http://localhost:8080products/6",
			"queryParams": [],
			"preRequestScript": null,
			"pathVariables": {},
			"pathVariableData": [],
			"method": "GET",
			"data": null,
			"dataMode": "params",
			"version": 2,
			"tests": null,
			"currentHelper": "normal",
			"helperAttributes": {},
			"time": 1684305270141,
			"name": "Products GET (by ID) call",
			"description": "",
			"collectionId": "1f0c9b74-e524-6a20-26ba-6fa0d14f8817",
			"responses": []
		},
		{
			"id": "0f1c720c-bcab-0d9f-4b18-617f05270dcf",
			"headers": "Authorization: \n",
			"headerData": [
				{
					"key": "Authorization",
					"value": "",
					"description": "",
					"enabled": true
				}
			],
			"url": "http://localhost:8080/products/count/7",
			"queryParams": [],
			"preRequestScript": null,
			"pathVariables": {},
			"pathVariableData": [],
			"method": "GET",
			"data": null,
			"dataMode": "params",
			"version": 2,
			"tests": null,
			"currentHelper": "normal",
			"helperAttributes": {},
			"time": 1684305259305,
			"name": "Products GET (Count by ID) call",
			"description": "",
			"collectionId": "1f0c9b74-e524-6a20-26ba-6fa0d14f8817",
			"responses": []
		},
		{
			"id": "2532c74c-0b30-832d-9de2-af7c940ccd4d",
			"headers": "Authorization: \n",
			"headerData": [
				{
					"key": "Authorization",
					"value": "",
					"description": "",
					"enabled": true
				}
			],
			"url": "http://localhost:8080/products/5",
			"queryParams": [],
			"preRequestScript": null,
			"pathVariables": {},
			"pathVariableData": [],
			"method": "PUT",
			"data": [],
			"dataMode": "raw",
			"version": 2,
			"tests": null,
			"currentHelper": "normal",
			"helperAttributes": {},
			"time": 1684305102947,
			"name": "Products PUT call",
			"description": "",
			"collectionId": "1f0c9b74-e524-6a20-26ba-6fa0d14f8817",
			"responses": [],
			"rawModeData": "{\n        \"name\": \"eraser\",\n        \"quantity\": 25,\n        \"price\": 200\n    }"
		},
		{
			"id": "42c6f0c7-7f66-4134-f10e-cb673ac93d34",
			"headers": "Authorization: \n",
			"headerData": [
				{
					"key": "Authorization",
					"value": "",
					"description": "",
					"enabled": true
				}
			],
			"url": "http://localhost:8080/products/7",
			"queryParams": [],
			"preRequestScript": null,
			"pathVariables": {},
			"pathVariableData": [],
			"method": "DELETE",
			"data": null,
			"dataMode": "params",
			"version": 2,
			"tests": null,
			"currentHelper": "normal",
			"helperAttributes": {},
			"time": 1684305281258,
			"name": "Products DELETE (Id) call",
			"description": "",
			"collectionId": "1f0c9b74-e524-6a20-26ba-6fa0d14f8817",
			"responses": []
		},
		{
			"id": "6114944e-8393-f7c9-e84a-2a8a9e57c6a2",
			"headers": "Authorization: \n",
			"headerData": [
				{
					"key": "Authorization",
					"value": "",
					"description": "",
					"enabled": true
				}
			],
			"url": "http://localhost:8080/products/price/5",
			"queryParams": [],
			"preRequestScript": null,
			"pathVariables": {},
			"pathVariableData": [],
			"method": "GET",
			"data": null,
			"dataMode": "params",
			"version": 2,
			"tests": null,
			"currentHelper": "normal",
			"helperAttributes": {},
			"time": 1684305248131,
			"name": "Products GET (Price by ID) call",
			"description": "",
			"collectionId": "1f0c9b74-e524-6a20-26ba-6fa0d14f8817",
			"responses": []
		},
		{
			"id": "7780b3b0-f6ea-0856-06e9-b9b8acbd5fdd",
			"headers": "Authorization: eyJhbGciOiJIUzUxMiJ9.eyJzdWIiOiJhYmNAYWJjLmNvbSIsImlhdCI6MTY4Mzc4NTY2NCwiZXhwIjoxNjgzNzg3NDY0fQ.cCggiRFGToYp8m40_Qei16vcZOEOmvAjy3TnbfHRUSDBciGlI2ZOgFjvCFKOgNMrpEbZWFKVCVHTkbtxGtBw9g\n",
			"headerData": [
				{
					"key": "Authorization",
					"value": "eyJhbGciOiJIUzUxMiJ9.eyJzdWIiOiJhYmNAYWJjLmNvbSIsImlhdCI6MTY4Mzc4NTY2NCwiZXhwIjoxNjgzNzg3NDY0fQ.cCggiRFGToYp8m40_Qei16vcZOEOmvAjy3TnbfHRUSDBciGlI2ZOgFjvCFKOgNMrpEbZWFKVCVHTkbtxGtBw9g",
					"description": "",
					"enabled": true
				}
			],
			"url": "http://localhost:8080/product",
			"queryParams": [],
			"preRequestScript": null,
			"pathVariables": {},
			"pathVariableData": [],
			"method": "GET",
			"data": null,
			"dataMode": "params",
			"version": 2,
			"tests": null,
			"currentHelper": "normal",
			"helperAttributes": {},
			"time": 1684305148156,
			"name": "Products GET (All) call",
			"description": "",
			"collectionId": "1f0c9b74-e524-6a20-26ba-6fa0d14f8817",
			"responses": []
		},
		{
			"id": "a061039e-59d6-e1b7-249a-f48c1cca018b",
			"headers": "Authorization: eyJhbGciOiJIUzUxMiJ9.eyJzdWIiOiJhYmNAYWJjLmNvbSIsImlhdCI6MTY4Mzc4MjMxMywiZXhwIjoxNjgzNzgyNDkzfQ.s0TgM7p-M3Yhh0VVvvOBP4p0tik1Iu79jYHRffYYM2UaOavYd-K52-o2_M4FBK3ZKSU5uM2CXCbZE1HC4fvi_g\n",
			"headerData": [
				{
					"key": "Authorization",
					"value": "eyJhbGciOiJIUzUxMiJ9.eyJzdWIiOiJhYmNAYWJjLmNvbSIsImlhdCI6MTY4Mzc4MjMxMywiZXhwIjoxNjgzNzgyNDkzfQ.s0TgM7p-M3Yhh0VVvvOBP4p0tik1Iu79jYHRffYYM2UaOavYd-K52-o2_M4FBK3ZKSU5uM2CXCbZE1HC4fvi_g",
					"description": "",
					"enabled": true
				}
			],
			"url": "http://localhost:8080/products",
			"queryParams": [],
			"preRequestScript": null,
			"pathVariables": {},
			"pathVariableData": [],
			"method": "POST",
			"data": [],
			"dataMode": "raw",
			"version": 2,
			"tests": null,
			"currentHelper": "normal",
			"helperAttributes": {},
			"time": 1684305139909,
			"name": "Products POST call",
			"description": "",
			"collectionId": "1f0c9b74-e524-6a20-26ba-6fa0d14f8817",
			"responses": [],
			"rawModeData": "{\n        \"name\": \"sr\",\n        \"quantity\": 25,\n        \"price\": 400\n    }"
		},
		{
			"id": "fff5bd08-3743-8d8a-25a4-628520a5462c",
			"headers": "Authorization: \n",
			"headerData": [
				{
					"key": "Authorization",
					"value": "",
					"description": "",
					"enabled": true
				}
			],
			"url": "http://localhost:8080/products/updateQuantity",
			"queryParams": [],
			"preRequestScript": null,
			"pathVariables": {},
			"pathVariableData": [],
			"method": "PUT",
			"data": [],
			"dataMode": "raw",
			"version": 2,
			"tests": null,
			"currentHelper": "normal",
			"helperAttributes": {},
			"time": 1684305119171,
			"name": "Products PUT Quantity Call",
			"description": "",
			"collectionId": "1f0c9b74-e524-6a20-26ba-6fa0d14f8817",
			"responses": [],
			"rawModeData": "{\t\t\n\t\t\"productId\": 8,\n        \"quantity\": 35\n    }"
		}
	]
}