{
	"id": "a34e65e3-9b05-2082-d7c4-d5f4b1c09b38",
	"name": "Review",
	"description": "",
	"order": [
		"ea8b66b1-f9c0-8b9a-97f6-9188d71648f1",
		"563caa38-63e1-79ad-387e-0254ff2498e3",
		"d7ab473b-24e7-e61c-5b66-51c331ed0589",
		"2d8f99ea-b617-508c-5e87-a18c043a6cbc",
		"65f1ee5a-fa43-e03d-34d9-31e3eec10574",
		"eb7892bc-0b20-d601-ad5d-c9a0d4b2004e",
		"bebad97b-6cdd-9d8b-5cdf-02d2d379b413"
	],
	"folders": [],
	"folders_order": [],
	"timestamp": 1683194275464,
	"owner": 0,
	"public": false,
	"requests": [
		{
			"id": "2d8f99ea-b617-508c-5e87-a18c043a6cbc",
			"headers": "Authorization: \n",
			"headerData": [
				{
					"key": "Authorization",
					"value": "",
					"description": "",
					"enabled": true
				}
			],
			"url": "http://localhost:8080/Reviews/4",
			"queryParams": [],
			"preRequestScript": null,
			"pathVariables": {},
			"pathVariableData": [],
			"method": "PATCH",
			"data": [],
			"dataMode": "raw",
			"version": 2,
			"tests": null,
			"currentHelper": "normal",
			"helperAttributes": {},
			"time": 1684305337336,
			"name": "Review PATCH Reviews (by ReviewID) call",
			"description": "",
			"collectionId": "a34e65e3-9b05-2082-d7c4-d5f4b1c09b38",
			"responses": [],
			"rawModeData": "{\n    \"review\": \"satisfied\"\n}"
		},
		{
			"id": "563caa38-63e1-79ad-387e-0254ff2498e3",
			"headers": "Authorization: \n",
			"headerData": [
				{
					"key": "Authorization",
					"value": "",
					"description": "",
					"enabled": true
				}
			],
			"url": "http://localhost:8080/Reviews/2",
			"queryParams": [],
			"preRequestScript": null,
			"pathVariables": {},
			"pathVariableData": [],
			"method": "GET",
			"data": [],
			"dataMode": "raw",
			"version": 2,
			"tests": null,
			"currentHelper": "normal",
			"helperAttributes": {},
			"time": 1684305308519,
			"name": "Review GET Reviews (by ReviewID) call",
			"description": "",
			"collectionId": "a34e65e3-9b05-2082-d7c4-d5f4b1c09b38",
			"responses": [],
			"rawModeData": "{\n    \"productId\": 8,\n    \"username\": \"abc\",\n    \"review\": \"satisfied\"\n}"
		},
		{
			"id": "65f1ee5a-fa43-e03d-34d9-31e3eec10574",
			"headers": "Authorization: \n",
			"headerData": [
				{
					"key": "Authorization",
					"value": "",
					"description": "",
					"enabled": true
				}
			],
			"url": "http://localhost:8080/Reviews/product/9",
			"queryParams": [],
			"preRequestScript": null,
			"pathVariables": {},
			"pathVariableData": [],
			"method": "GET",
			"data": [],
			"dataMode": "raw",
			"version": 2,
			"tests": null,
			"currentHelper": "normal",
			"helperAttributes": {},
			"time": 1684305350883,
			"name": "Review GET Reviews (by ProductID) call",
			"description": "",
			"collectionId": "a34e65e3-9b05-2082-d7c4-d5f4b1c09b38",
			"responses": [],
			"rawModeData": "{\n    \"productId\": 8,\n    \"username\": \"abc\",\n    \"review\": \"satisfied\"\n}"
		},
		{
			"id": "bebad97b-6cdd-9d8b-5cdf-02d2d379b413",
			"headers": "Authorization: \n",
			"headerData": [
				{
					"key": "Authorization",
					"value": "",
					"description": "",
					"enabled": true
				}
			],
			"url": "http://localhost:8080/Reviews",
			"queryParams": [],
			"preRequestScript": null,
			"pathVariables": {},
			"pathVariableData": [],
			"method": "POST",
			"data": [],
			"dataMode": "raw",
			"version": 2,
			"tests": null,
			"currentHelper": "normal",
			"helperAttributes": {},
			"time": 1684305382115,
			"name": "Review POST Reviews call",
			"description": "",
			"collectionId": "a34e65e3-9b05-2082-d7c4-d5f4b1c09b38",
			"responses": [],
			"rawModeData": "{\n    \"productId\": 9,\n    \"username\": \"abcd\",\n    \"review\": \"unsatisfied\"\n}"
		},
		{
			"id": "d7ab473b-24e7-e61c-5b66-51c331ed0589",
			"headers": "Authorization: \n",
			"headerData": [
				{
					"key": "Authorization",
					"value": "",
					"description": "",
					"enabled": true
				}
			],
			"url": "http://localhost:8080/Reviews/3",
			"queryParams": [],
			"preRequestScript": null,
			"pathVariables": {},
			"pathVariableData": [],
			"method": "DELETE",
			"data": [],
			"dataMode": "raw",
			"version": 2,
			"tests": null,
			"currentHelper": "normal",
			"helperAttributes": {},
			"time": 1684305322499,
			"name": "Review DELETE Reviews (by ReviewID) call",
			"description": "",
			"collectionId": "a34e65e3-9b05-2082-d7c4-d5f4b1c09b38",
			"responses": [],
			"rawModeData": "{\n    \"productId\": 8,\n    \"username\": \"abc\",\n    \"review\": \"satisfied\"\n}"
		},
		{
			"id": "ea8b66b1-f9c0-8b9a-97f6-9188d71648f1",
			"headers": "Authorization: eyJhbGciOiJIUzUxMiJ9.eyJzdWIiOiJhYmNAYWJjLmNvbSIsImlhdCI6MTY4Mzc4NjM3NSwiZXhwIjoxNjgzNzg4MTc1fQ.htlr1yj0FW-O2ekhsfGmwaiEiddb_U2Dj-9ygQqXXM1oiDu8Klla2vcU6YF-ohwnaacp7SFVmJq0eGASMXyj2w\n",
			"headerData": [
				{
					"key": "Authorization",
					"value": "eyJhbGciOiJIUzUxMiJ9.eyJzdWIiOiJhYmNAYWJjLmNvbSIsImlhdCI6MTY4Mzc4NjM3NSwiZXhwIjoxNjgzNzg4MTc1fQ.htlr1yj0FW-O2ekhsfGmwaiEiddb_U2Dj-9ygQqXXM1oiDu8Klla2vcU6YF-ohwnaacp7SFVmJq0eGASMXyj2w",
					"description": "",
					"enabled": true
				}
			],
			"url": "http://localhost:8080/review",
			"queryParams": [],
			"preRequestScript": null,
			"pathVariables": {},
			"pathVariableData": [],
			"method": "GET",
			"data": [],
			"dataMode": "raw",
			"version": 2,
			"tests": null,
			"currentHelper": "normal",
			"helperAttributes": {},
			"time": 1684305292232,
			"name": "Review GET Reviews call",
			"description": "",
			"collectionId": "a34e65e3-9b05-2082-d7c4-d5f4b1c09b38",
			"responses": [],
			"rawModeData": "{\n    \"productId\": 8,\n    \"username\": \"abc\",\n    \"review\": \"satisfied\"\n}"
		},
		{
			"id": "eb7892bc-0b20-d601-ad5d-c9a0d4b2004e",
			"headers": "Authorization: \n",
			"headerData": [
				{
					"key": "Authorization",
					"value": "",
					"description": "",
					"enabled": true
				}
			],
			"url": "http://localhost:8080/Reviews/user/abc",
			"queryParams": [],
			"preRequestScript": null,
			"pathVariables": {},
			"pathVariableData": [],
			"method": "GET",
			"data": [],
			"dataMode": "raw",
			"version": 2,
			"tests": null,
			"currentHelper": "normal",
			"helperAttributes": {},
			"time": 1684305365367,
			"name": "Review GET Reviews (by Username) call",
			"description": "",
			"collectionId": "a34e65e3-9b05-2082-d7c4-d5f4b1c09b38",
			"responses": [],
			"rawModeData": "{\n    \"productId\": 8,\n    \"username\": \"abc\",\n    \"review\": \"satisfied\"\n}"
		}
	]
}