{
	"id": "a0311e9c-a568-d947-4da6-550eb3a8dc58",
	"name": "User",
	"description": "",
	"order": [
		"963f3c0c-ca68-a9ff-230e-4f3478222e3b",
		"582e27b1-1c85-1d04-28f3-fd1428269682"
	],
	"folders": [],
	"folders_order": [],
	"timestamp": 1683184907556,
	"owner": 0,
	"public": false,
	"requests": [
		{
			"id": "582e27b1-1c85-1d04-28f3-fd1428269682",
			"headers": "Content-Type: application/json\n",
			"headerData": [
				{
					"key": "Content-Type",
					"value": "application/json",
					"description": "",
					"enabled": true
				}
			],
			"url": "http://localhost:8080/user/login",
			"queryParams": [],
			"preRequestScript": null,
			"pathVariables": {},
			"pathVariableData": [],
			"method": "POST",
			"data": [],
			"dataMode": "raw",
			"version": 2,
			"tests": null,
			"currentHelper": "normal",
			"helperAttributes": {},
			"time": 1684305402676,
			"name": "User Login POST call",
			"description": "",
			"collectionId": "a0311e9c-a568-d947-4da6-550eb3a8dc58",
			"responses": [],
			"rawModeData": "{\n\"mail\": \"abc@abc.com\",\n\"password\": \"abc\"\n}"
		},
		{
			"id": "963f3c0c-ca68-a9ff-230e-4f3478222e3b",
			"headers": "Content-Type: application/json\n",
			"headerData": [
				{
					"key": "Content-Type",
					"value": "application/json",
					"description": "",
					"enabled": true
				}
			],
			"url": "http://localhost:8080/user/register",
			"queryParams": [],
			"preRequestScript": null,
			"pathVariables": {},
			"pathVariableData": [],
			"method": "POST",
			"data": [],
			"dataMode": "raw",
			"version": 2,
			"tests": null,
			"currentHelper": "normal",
			"helperAttributes": {},
			"time": 1684305396829,
			"name": "User Register POST call",
			"description": "",
			"collectionId": "a0311e9c-a568-d947-4da6-550eb3a8dc58",
			"responses": [],
			"rawModeData": "{\n\"mail\": \"abc@abc.com\",\n\"password\": \"abc\"\n}"
		}
	]
}